timeStamp,elapsed,label,responseCode,responseMessage,threadName,dataType,success,failureMessage,bytes,sentBytes,grpThreads,allThreads,URL,Latency,IdleTime,Connect
1715846526319,37870,Create Issue User 300 Ramp 1,201,Created,User 300 Ramp 1 1-23,text,true,,3423,1669,300,300,http://localhost:3000/v1/issue/create-issue,37866,0,26
1715846526318,37871,Create Issue User 300 Ramp 1,201,Created,User 300 Ramp 1 1-19,text,true,,3423,1669,300,300,http://localhost:3000/v1/issue/create-issue,37868,0,27
1715846526318,37871,Create Issue User 300 Ramp 1,201,Created,User 300 Ramp 1 1-8,text,true,,3423,1669,300,300,http://localhost:3000/v1/issue/create-issue,37866,0,27
1715846526320,37869,Create Issue User 300 Ramp 1,201,Created,User 300 Ramp 1 1-27,text,true,,3423,1669,300,300,http://localhost:3000/v1/issue/create-issue,37864,0,25
1715846526319,37870,Create Issue User 300 Ramp 1,201,Created,User 300 Ramp 1 1-5,text,true,,3423,1669,300,300,http://localhost:3000/v1/issue/create-issue,37865,0,26
1715846526327,37896,Create Issue User 300 Ramp 1,201,Created,User 300 Ramp 1 1-33,text,true,,3423,1669,295,295,http://localhost:3000/v1/issue/create-issue,37895,0,19
1715846526319,37905,Create Issue User 300 Ramp 1,201,Created,User 300 Ramp 1 1-9,text,true,,3423,1669,294,294,http://localhost:3000/v1/issue/create-issue,37905,0,27
1715846526320,37937,Create Issue User 300 Ramp 1,201,Created,User 300 Ramp 1 1-15,text,true,,3423,1669,293,293,http://localhost:3000/v1/issue/create-issue,37937,0,24
1715846526319,37976,Create Issue User 300 Ramp 1,201,Created,User 300 Ramp 1 1-25,text,true,,3423,1669,292,292,http://localhost:3000/v1/issue/create-issue,37975,0,27
1715846526319,38012,Create Issue User 300 Ramp 1,201,Created,User 300 Ramp 1 1-24,text,true,,3423,1669,291,291,http://localhost:3000/v1/issue/create-issue,38011,0,25
1715846526341,37991,Create Issue User 300 Ramp 1,201,Created,User 300 Ramp 1 1-37,text,true,,3423,1669,290,290,http://localhost:3000/v1/issue/create-issue,37991,0,3
1715846526320,38016,Create Issue User 300 Ramp 1,201,Created,User 300 Ramp 1 1-20,text,true,,3423,1669,289,289,http://localhost:3000/v1/issue/create-issue,38015,0,25
1715846526323,38013,Create Issue User 300 Ramp 1,201,Created,User 300 Ramp 1 1-31,text,true,,3423,1669,289,289,http://localhost:3000/v1/issue/create-issue,38013,0,22
1715846526323,38014,Create Issue User 300 Ramp 1,201,Created,User 300 Ramp 1 1-32,text,true,,3423,1669,287,287,http://localhost:3000/v1/issue/create-issue,38013,0,22
1715846526319,38053,Create Issue User 300 Ramp 1,201,Created,User 300 Ramp 1 1-3,text,true,,3423,1669,286,286,http://localhost:3000/v1/issue/create-issue,38053,0,25
1715846526336,38080,Create Issue User 300 Ramp 1,201,Created,User 300 Ramp 1 1-36,text,true,,3423,1669,285,285,http://localhost:3000/v1/issue/create-issue,38080,0,8
1715846526318,38099,Create Issue User 300 Ramp 1,201,Created,User 300 Ramp 1 1-22,text,true,,3423,1669,284,284,http://localhost:3000/v1/issue/create-issue,38098,0,26
1715846526318,38136,Create Issue User 300 Ramp 1,201,Created,User 300 Ramp 1 1-29,text,true,,3423,1669,283,283,http://localhost:3000/v1/issue/create-issue,38136,0,27
1715846526318,38136,Create Issue User 300 Ramp 1,201,Created,User 300 Ramp 1 1-2,text,true,,3423,1669,283,283,http://localhost:3000/v1/issue/create-issue,38136,0,27
1715846526319,38175,Create Issue User 300 Ramp 1,201,Created,User 300 Ramp 1 1-26,text,true,,3423,1669,281,281,http://localhost:3000/v1/issue/create-issue,38175,0,26
1715846526344,38173,Create Issue User 300 Ramp 1,201,Created,User 300 Ramp 1 1-39,text,true,,3423,1669,280,280,http://localhost:3000/v1/issue/create-issue,38173,0,1
1715846526319,38236,Create Issue User 300 Ramp 1,201,Created,User 300 Ramp 1 1-4,text,true,,3423,1669,279,279,http://localhost:3000/v1/issue/create-issue,38235,0,26
1715846526319,38236,Create Issue User 300 Ramp 1,201,Created,User 300 Ramp 1 1-18,text,true,,3423,1669,279,279,http://localhost:3000/v1/issue/create-issue,38236,0,26
1715846526319,38273,Create Issue User 300 Ramp 1,201,Created,User 300 Ramp 1 1-7,text,true,,3423,1669,277,277,http://localhost:3000/v1/issue/create-issue,38273,0,26
1715846526319,38274,Create Issue User 300 Ramp 1,201,Created,User 300 Ramp 1 1-28,text,true,,3423,1669,277,277,http://localhost:3000/v1/issue/create-issue,38273,0,25
1715846526319,38274,Create Issue User 300 Ramp 1,201,Created,User 300 Ramp 1 1-30,text,true,,3423,1669,275,275,http://localhost:3000/v1/issue/create-issue,38274,0,26
1715846526318,38311,Create Issue User 300 Ramp 1,201,Created,User 300 Ramp 1 1-17,text,true,,3423,1669,274,274,http://localhost:3000/v1/issue/create-issue,38310,0,26
1715846526319,38348,Create Issue User 300 Ramp 1,201,Created,User 300 Ramp 1 1-16,text,true,,3423,1669,273,273,http://localhost:3000/v1/issue/create-issue,38347,0,26
1715846526330,38337,Create Issue User 300 Ramp 1,201,Created,User 300 Ramp 1 1-34,text,true,,3423,1669,272,272,http://localhost:3000/v1/issue/create-issue,38337,0,15
1715846526319,38386,Create Issue User 300 Ramp 1,201,Created,User 300 Ramp 1 1-10,text,true,,3423,1669,271,271,http://localhost:3000/v1/issue/create-issue,38386,0,26
1715846526319,38386,Create Issue User 300 Ramp 1,201,Created,User 300 Ramp 1 1-21,text,true,,3423,1669,271,271,http://localhost:3000/v1/issue/create-issue,38386,0,25
1715846526319,38463,Create Issue User 300 Ramp 1,201,Created,User 300 Ramp 1 1-12,text,true,,3423,1669,269,269,http://localhost:3000/v1/issue/create-issue,38463,0,25
1715846526333,38493,Create Issue User 300 Ramp 1,201,Created,User 300 Ramp 1 1-35,text,true,,3423,1669,268,268,http://localhost:3000/v1/issue/create-issue,38493,0,12
1715846526354,38510,Create Issue User 300 Ramp 1,201,Created,User 300 Ramp 1 1-42,text,true,,3423,1669,267,267,http://localhost:3000/v1/issue/create-issue,38509,0,1
1715846526319,38547,Create Issue User 300 Ramp 1,201,Created,User 300 Ramp 1 1-1,text,true,,3423,1669,266,266,http://localhost:3000/v1/issue/create-issue,38546,0,26
1715846526359,38782,Create Issue User 300 Ramp 1,201,Created,User 300 Ramp 1 1-44,text,true,,3423,1669,265,265,http://localhost:3000/v1/issue/create-issue,38782,0,1
1715846526318,39292,Create Issue User 300 Ramp 1,201,Created,User 300 Ramp 1 1-13,text,true,,3423,1669,264,264,http://localhost:3000/v1/issue/create-issue,39291,0,27
1715846526359,39474,Create Issue User 300 Ramp 1,201,Created,User 300 Ramp 1 1-43,text,true,,3423,1669,263,263,http://localhost:3000/v1/issue/create-issue,39473,0,1
1715846526343,39504,Create Issue User 300 Ramp 1,201,Created,User 300 Ramp 1 1-38,text,true,,3423,1669,262,262,http://localhost:3000/v1/issue/create-issue,39503,0,4
1715846526361,39525,Create Issue User 300 Ramp 1,201,Created,User 300 Ramp 1 1-45,text,true,,3423,1669,261,261,http://localhost:3000/v1/issue/create-issue,39524,0,1
1715846526369,39592,Create Issue User 300 Ramp 1,201,Created,User 300 Ramp 1 1-47,text,true,,3423,1669,260,260,http://localhost:3000/v1/issue/create-issue,39591,0,1
1715846526318,39916,Create Issue User 300 Ramp 1,201,Created,User 300 Ramp 1 1-6,text,true,,3423,1669,259,259,http://localhost:3000/v1/issue/create-issue,39916,0,27
1715846526385,40592,Create Issue User 300 Ramp 1,201,Created,User 300 Ramp 1 1-52,text,true,,3423,1669,258,258,http://localhost:3000/v1/issue/create-issue,40591,0,0
1715846526319,40960,Create Issue User 300 Ramp 1,201,Created,User 300 Ramp 1 1-11,text,true,,3423,1669,257,257,http://localhost:3000/v1/issue/create-issue,40959,0,26
1715846526366,40948,Create Issue User 300 Ramp 1,201,Created,User 300 Ramp 1 1-46,text,true,,3423,1669,256,256,http://localhost:3000/v1/issue/create-issue,40947,0,1
1715846526319,41777,Create Issue User 300 Ramp 1,201,Created,User 300 Ramp 1 1-14,text,true,,3423,1669,255,255,http://localhost:3000/v1/issue/create-issue,41776,0,27
1715846526371,42346,Create Issue User 300 Ramp 1,201,Created,User 300 Ramp 1 1-48,text,true,,3423,1669,254,254,http://localhost:3000/v1/issue/create-issue,42345,0,1
1715846526351,43192,Create Issue User 300 Ramp 1,201,Created,User 300 Ramp 1 1-41,text,true,,3423,1669,253,253,http://localhost:3000/v1/issue/create-issue,43192,0,0
1715846526348,43234,Create Issue User 300 Ramp 1,201,Created,User 300 Ramp 1 1-40,text,true,,3423,1669,252,252,http://localhost:3000/v1/issue/create-issue,43233,0,2
1715846526393,43262,Create Issue User 300 Ramp 1,201,Created,User 300 Ramp 1 1-55,text,true,,3423,1669,251,251,http://localhost:3000/v1/issue/create-issue,43262,0,1
1715846526380,43748,Create Issue User 300 Ramp 1,201,Created,User 300 Ramp 1 1-51,text,true,,3423,1669,250,250,http://localhost:3000/v1/issue/create-issue,43748,0,1
1715846526398,43842,Create Issue User 300 Ramp 1,201,Created,User 300 Ramp 1 1-57,text,true,,3423,1669,249,249,http://localhost:3000/v1/issue/create-issue,43842,0,0
1715846526423,44253,Create Issue User 300 Ramp 1,201,Created,User 300 Ramp 1 1-65,text,true,,3423,1669,248,248,http://localhost:3000/v1/issue/create-issue,44253,0,1
1715846526432,44399,Create Issue User 300 Ramp 1,201,Created,User 300 Ramp 1 1-68,text,true,,3423,1669,247,247,http://localhost:3000/v1/issue/create-issue,44398,0,0
1715846526406,44462,Create Issue User 300 Ramp 1,201,Created,User 300 Ramp 1 1-60,text,true,,3423,1669,246,246,http://localhost:3000/v1/issue/create-issue,44462,0,1
1715846526376,45387,Create Issue User 300 Ramp 1,201,Created,User 300 Ramp 1 1-50,text,true,,3423,1669,245,245,http://localhost:3000/v1/issue/create-issue,45387,0,1
1715846526405,45846,Create Issue User 300 Ramp 1,201,Created,User 300 Ramp 1 1-59,text,true,,3423,1669,244,244,http://localhost:3000/v1/issue/create-issue,45845,0,1
1715846526396,46399,Create Issue User 300 Ramp 1,201,Created,User 300 Ramp 1 1-56,text,true,,3423,1669,243,243,http://localhost:3000/v1/issue/create-issue,46399,0,1
1715846526402,46618,Create Issue User 300 Ramp 1,201,Created,User 300 Ramp 1 1-58,text,true,,3423,1669,242,242,http://localhost:3000/v1/issue/create-issue,46618,0,1
1715846526410,47894,Create Issue User 300 Ramp 1,201,Created,User 300 Ramp 1 1-61,text,true,,3423,1669,241,241,http://localhost:3000/v1/issue/create-issue,47894,0,1
1715846526413,47927,Create Issue User 300 Ramp 1,201,Created,User 300 Ramp 1 1-62,text,true,,3423,1669,240,240,http://localhost:3000/v1/issue/create-issue,47927,0,1
1715846526515,48712,Create Issue User 300 Ramp 1,201,Created,User 300 Ramp 1 1-96,text,true,,3423,1669,239,239,http://localhost:3000/v1/issue/create-issue,48711,0,0
1715846526425,48842,Create Issue User 300 Ramp 1,201,Created,User 300 Ramp 1 1-66,text,true,,3423,1669,238,238,http://localhost:3000/v1/issue/create-issue,48842,0,0
1715846526478,48907,Create Issue User 300 Ramp 1,201,Created,User 300 Ramp 1 1-84,text,true,,3423,1669,237,237,http://localhost:3000/v1/issue/create-issue,48907,0,1
1715846526374,49274,Create Issue User 300 Ramp 1,201,Created,User 300 Ramp 1 1-49,text,true,,3423,1669,236,236,http://localhost:3000/v1/issue/create-issue,49273,0,0
1715846526493,49623,Create Issue User 300 Ramp 1,201,Created,User 300 Ramp 1 1-89,text,true,,3423,1669,235,235,http://localhost:3000/v1/issue/create-issue,49622,0,1
1715846526457,49730,Create Issue User 300 Ramp 1,201,Created,User 300 Ramp 1 1-77,text,true,,3423,1669,234,234,http://localhost:3000/v1/issue/create-issue,49730,0,1
1715846526455,49847,Create Issue User 300 Ramp 1,201,Created,User 300 Ramp 1 1-75,text,true,,3423,1669,233,233,http://localhost:3000/v1/issue/create-issue,49846,0,1
1715846526420,50027,Create Issue User 300 Ramp 1,201,Created,User 300 Ramp 1 1-64,text,true,,3423,1669,232,232,http://localhost:3000/v1/issue/create-issue,50026,0,1
1715846526416,50137,Create Issue User 300 Ramp 1,201,Created,User 300 Ramp 1 1-63,text,true,,3423,1669,231,231,http://localhost:3000/v1/issue/create-issue,50137,0,1
1715846526534,50696,Create Issue User 300 Ramp 1,201,Created,User 300 Ramp 1 1-103,text,true,,3423,1669,230,230,http://localhost:3000/v1/issue/create-issue,50696,0,1
1715846526531,50710,Create Issue User 300 Ramp 1,201,Created,User 300 Ramp 1 1-101,text,true,,3423,1669,229,229,http://localhost:3000/v1/issue/create-issue,50710,0,0
1715846526443,50872,Create Issue User 300 Ramp 1,201,Created,User 300 Ramp 1 1-72,text,true,,3423,1669,228,228,http://localhost:3000/v1/issue/create-issue,50872,0,1
1715846526655,50698,Create Issue User 300 Ramp 1,201,Created,User 300 Ramp 1 1-143,text,true,,3423,1669,227,227,http://localhost:3000/v1/issue/create-issue,50698,0,0
1715846526442,50936,Create Issue User 300 Ramp 1,201,Created,User 300 Ramp 1 1-71,text,true,,3423,1669,226,226,http://localhost:3000/v1/issue/create-issue,50936,0,0
1715846526451,51055,Create Issue User 300 Ramp 1,201,Created,User 300 Ramp 1 1-74,text,true,,3423,1669,225,225,http://localhost:3000/v1/issue/create-issue,51055,0,1
1715846526476,51061,Create Issue User 300 Ramp 1,201,Created,User 300 Ramp 1 1-83,text,true,,3423,1669,224,224,http://localhost:3000/v1/issue/create-issue,51060,0,1
1715846526618,51003,Create Issue User 300 Ramp 1,201,Created,User 300 Ramp 1 1-130,text,true,,3423,1669,223,223,http://localhost:3000/v1/issue/create-issue,51002,0,1
1715846526518,51229,Create Issue User 300 Ramp 1,201,Created,User 300 Ramp 1 1-97,text,true,,3423,1669,222,222,http://localhost:3000/v1/issue/create-issue,51228,0,1
1715846526390,51487,Create Issue User 300 Ramp 1,201,Created,User 300 Ramp 1 1-54,text,true,,3423,1669,221,221,http://localhost:3000/v1/issue/create-issue,51487,0,1
1715846526455,51424,Create Issue User 300 Ramp 1,201,Created,User 300 Ramp 1 1-76,text,true,,3423,1669,220,220,http://localhost:3000/v1/issue/create-issue,51424,0,1
1715846526472,51408,Create Issue User 300 Ramp 1,201,Created,User 300 Ramp 1 1-81,text,true,,3423,1669,220,220,http://localhost:3000/v1/issue/create-issue,51407,0,1
1715846526385,51751,Create Issue User 300 Ramp 1,201,Created,User 300 Ramp 1 1-53,text,true,,3423,1669,218,218,http://localhost:3000/v1/issue/create-issue,51750,0,1
1715846526463,51719,Create Issue User 300 Ramp 1,201,Created,User 300 Ramp 1 1-79,text,true,,3423,1669,217,217,http://localhost:3000/v1/issue/create-issue,51718,0,1
1715846526481,52188,Create Issue User 300 Ramp 1,201,Created,User 300 Ramp 1 1-85,text,true,,3423,1669,216,216,http://localhost:3000/v1/issue/create-issue,52188,0,1
1715846526429,52573,Create Issue User 300 Ramp 1,201,Created,User 300 Ramp 1 1-67,text,true,,3423,1669,215,215,http://localhost:3000/v1/issue/create-issue,52572,0,0
1715846526440,52778,Create Issue User 300 Ramp 1,201,Created,User 300 Ramp 1 1-70,text,true,,3423,1669,214,214,http://localhost:3000/v1/issue/create-issue,52778,0,0
1715846526521,52741,Create Issue User 300 Ramp 1,201,Created,User 300 Ramp 1 1-98,text,true,,3423,1669,213,213,http://localhost:3000/v1/issue/create-issue,52741,0,1
1715846526513,52933,Create Issue User 300 Ramp 1,201,Created,User 300 Ramp 1 1-95,text,true,,3423,1669,212,212,http://localhost:3000/v1/issue/create-issue,52932,0,1
1715846526524,52959,Create Issue User 300 Ramp 1,201,Created,User 300 Ramp 1 1-99,text,true,,3423,1669,211,211,http://localhost:3000/v1/issue/create-issue,52959,0,0
1715846526469,53096,Create Issue User 300 Ramp 1,201,Created,User 300 Ramp 1 1-80,text,true,,3423,1669,210,210,http://localhost:3000/v1/issue/create-issue,53095,0,0
1715846526572,53036,Create Issue User 300 Ramp 1,201,Created,User 300 Ramp 1 1-115,text,true,,3423,1669,209,209,http://localhost:3000/v1/issue/create-issue,53035,0,1
1715846526687,52988,Create Issue User 300 Ramp 1,201,Created,User 300 Ramp 1 1-153,text,true,,3423,1669,208,208,http://localhost:3000/v1/issue/create-issue,52988,0,0
1715846526764,52991,Create Issue User 300 Ramp 1,201,Created,User 300 Ramp 1 1-179,text,true,,3423,1669,207,207,http://localhost:3000/v1/issue/create-issue,52990,0,1
1715846526491,53677,Create Issue User 300 Ramp 1,201,Created,User 300 Ramp 1 1-88,text,true,,3423,1669,206,206,http://localhost:3000/v1/issue/create-issue,53676,0,1
1715846526664,53836,Create Issue User 300 Ramp 1,201,Created,User 300 Ramp 1 1-146,text,true,,3423,1669,205,205,http://localhost:3000/v1/issue/create-issue,53836,0,1
1715846526671,53972,Create Issue User 300 Ramp 1,201,Created,User 300 Ramp 1 1-148,text,true,,3423,1669,204,204,http://localhost:3000/v1/issue/create-issue,53972,0,0
1715846526566,54119,Create Issue User 300 Ramp 1,201,Created,User 300 Ramp 1 1-113,text,true,,3423,1669,203,203,http://localhost:3000/v1/issue/create-issue,54119,0,1
1715846526551,54178,Create Issue User 300 Ramp 1,201,Created,User 300 Ramp 1 1-108,text,true,,3423,1669,202,202,http://localhost:3000/v1/issue/create-issue,54177,0,1
1715846526533,54233,Create Issue User 300 Ramp 1,201,Created,User 300 Ramp 1 1-102,text,true,,3423,1669,201,201,http://localhost:3000/v1/issue/create-issue,54233,0,0
1715846526563,54204,Create Issue User 300 Ramp 1,201,Created,User 300 Ramp 1 1-112,text,true,,3423,1669,200,200,http://localhost:3000/v1/issue/create-issue,54203,0,1
1715846526593,54176,Create Issue User 300 Ramp 1,201,Created,User 300 Ramp 1 1-122,text,true,,3423,1669,199,199,http://localhost:3000/v1/issue/create-issue,54176,0,2
1715846526557,54237,Create Issue User 300 Ramp 1,201,Created,User 300 Ramp 1 1-110,text,true,,3423,1669,198,198,http://localhost:3000/v1/issue/create-issue,54237,0,1
1715846526727,54139,Create Issue User 300 Ramp 1,201,Created,User 300 Ramp 1 1-167,text,true,,3423,1669,197,197,http://localhost:3000/v1/issue/create-issue,54139,0,1
1715846526501,54404,Create Issue User 300 Ramp 1,201,Created,User 300 Ramp 1 1-91,text,true,,3423,1669,196,196,http://localhost:3000/v1/issue/create-issue,54404,0,0
1715846526634,54317,Create Issue User 300 Ramp 1,201,Created,User 300 Ramp 1 1-136,text,true,,3423,1669,195,195,http://localhost:3000/v1/issue/create-issue,54316,0,1
1715846526704,54403,Create Issue User 300 Ramp 1,201,Created,User 300 Ramp 1 1-159,text,true,,3423,1669,194,194,http://localhost:3000/v1/issue/create-issue,54403,0,1
1715846526643,54529,Create Issue User 300 Ramp 1,201,Created,User 300 Ramp 1 1-139,text,true,,3423,1669,193,193,http://localhost:3000/v1/issue/create-issue,54529,0,0
1715846526986,54206,Create Issue User 300 Ramp 1,201,Created,User 300 Ramp 1 1-253,text,true,,3423,1669,192,192,http://localhost:3000/v1/issue/create-issue,54206,0,0
1715846526684,54531,Create Issue User 300 Ramp 1,201,Created,User 300 Ramp 1 1-152,text,true,,3423,1669,191,191,http://localhost:3000/v1/issue/create-issue,54530,0,0
1715846526881,54476,Create Issue User 300 Ramp 1,201,Created,User 300 Ramp 1 1-218,text,true,,3423,1669,190,190,http://localhost:3000/v1/issue/create-issue,54475,0,1
1715846526502,55237,Create Issue User 300 Ramp 1,201,Created,User 300 Ramp 1 1-92,text,true,,3423,1669,189,189,http://localhost:3000/v1/issue/create-issue,55236,0,1
1715846526590,55379,Create Issue User 300 Ramp 1,201,Created,User 300 Ramp 1 1-121,text,true,,3423,1669,188,188,http://localhost:3000/v1/issue/create-issue,55379,0,2
1715846526575,55540,Create Issue User 300 Ramp 1,201,Created,User 300 Ramp 1 1-116,text,true,,3423,1669,187,187,http://localhost:3000/v1/issue/create-issue,55539,0,0
1715846526553,55633,Create Issue User 300 Ramp 1,201,Created,User 300 Ramp 1 1-109,text,true,,3423,1669,186,186,http://localhost:3000/v1/issue/create-issue,55633,0,1
1715846526748,55769,Create Issue User 300 Ramp 1,201,Created,User 300 Ramp 1 1-174,text,true,,3423,1669,185,185,http://localhost:3000/v1/issue/create-issue,55769,0,1
1715846526616,56699,Create Issue User 300 Ramp 1,201,Created,User 300 Ramp 1 1-129,text,true,,3423,1669,184,184,http://localhost:3000/v1/issue/create-issue,56699,0,2
1715846526585,57062,Create Issue User 300 Ramp 1,201,Created,User 300 Ramp 1 1-119,text,true,,3423,1669,183,183,http://localhost:3000/v1/issue/create-issue,57061,0,2
1715846526510,57541,Create Issue User 300 Ramp 1,201,Created,User 300 Ramp 1 1-94,text,true,,3423,1669,182,182,http://localhost:3000/v1/issue/create-issue,57541,0,0
1715846526526,57602,Create Issue User 300 Ramp 1,201,Created,User 300 Ramp 1 1-100,text,true,,3423,1669,181,181,http://localhost:3000/v1/issue/create-issue,57601,0,1
1715846526683,57960,Create Issue User 300 Ramp 1,201,Created,User 300 Ramp 1 1-151,text,true,,3423,1669,180,180,http://localhost:3000/v1/issue/create-issue,57960,0,0
1715846526990,57695,Create Issue User 300 Ramp 1,201,Created,User 300 Ramp 1 1-254,text,true,,3423,1669,179,179,http://localhost:3000/v1/issue/create-issue,57695,0,0
1715846526581,58345,Create Issue User 300 Ramp 1,201,Created,User 300 Ramp 1 1-118,text,true,,3423,1669,178,178,http://localhost:3000/v1/issue/create-issue,58345,0,1
1715846526608,58846,Create Issue User 300 Ramp 1,201,Created,User 300 Ramp 1 1-127,text,true,,3423,1669,177,177,http://localhost:3000/v1/issue/create-issue,58845,0,1
1715846526715,58998,Create Issue User 300 Ramp 1,201,Created,User 300 Ramp 1 1-163,text,true,,3423,1669,176,176,http://localhost:3000/v1/issue/create-issue,58998,0,0
1715846526738,59044,Create Issue User 300 Ramp 1,201,Created,User 300 Ramp 1 1-170,text,true,,3423,1669,175,175,http://localhost:3000/v1/issue/create-issue,59044,0,1
1715846526486,59296,Create Issue User 300 Ramp 1,201,Created,User 300 Ramp 1 1-86,text,true,,3423,1669,175,175,http://localhost:3000/v1/issue/create-issue,59295,0,0
1715846526601,59292,Create Issue User 300 Ramp 1,201,Created,User 300 Ramp 1 1-125,text,true,,3423,1669,173,173,http://localhost:3000/v1/issue/create-issue,59292,0,1
1715846526646,59328,Create Issue User 300 Ramp 1,201,Created,User 300 Ramp 1 1-140,text,true,,3423,1669,172,172,http://localhost:3000/v1/issue/create-issue,59327,0,1
1715846526624,59594,Create Issue User 300 Ramp 1,201,Created,User 300 Ramp 1 1-132,text,true,,3423,1669,171,171,http://localhost:3000/v1/issue/create-issue,59594,0,1
1715846526732,59924,Create Issue User 300 Ramp 1,201,Created,User 300 Ramp 1 1-169,text,true,,3423,1669,170,170,http://localhost:3000/v1/issue/create-issue,59923,0,1
1715846526761,60030,Create Issue User 300 Ramp 1,201,Created,User 300 Ramp 1 1-178,text,true,,3423,1669,169,169,http://localhost:3000/v1/issue/create-issue,60030,0,1
1715846526543,60822,Create Issue User 300 Ramp 1,201,Created,User 300 Ramp 1 1-105,text,true,,3423,1669,168,168,http://localhost:3000/v1/issue/create-issue,60822,0,1
1715846526911,60604,Create Issue User 300 Ramp 1,201,Created,User 300 Ramp 1 1-228,text,true,,3423,1669,167,167,http://localhost:3000/v1/issue/create-issue,60604,0,0
1715846526496,62248,Create Issue User 300 Ramp 1,201,Created,User 300 Ramp 1 1-90,text,true,,3423,1669,166,166,http://localhost:3000/v1/issue/create-issue,62248,0,1
1715846526838,61938,Create Issue User 300 Ramp 1,201,Created,User 300 Ramp 1 1-204,text,true,,3423,1669,165,165,http://localhost:3000/v1/issue/create-issue,61937,0,1
1715846526626,62157,Create Issue User 300 Ramp 1,201,Created,User 300 Ramp 1 1-133,text,true,,3423,1669,164,164,http://localhost:3000/v1/issue/create-issue,62157,0,0
1715846526599,62186,Create Issue User 300 Ramp 1,201,Created,User 300 Ramp 1 1-124,text,true,,3423,1669,163,163,http://localhost:3000/v1/issue/create-issue,62185,0,1
1715846526642,62748,Create Issue User 300 Ramp 1,201,Created,User 300 Ramp 1 1-138,text,true,,3423,1669,162,162,http://localhost:3000/v1/issue/create-issue,62748,0,1
1715846526660,62815,Create Issue User 300 Ramp 1,201,Created,User 300 Ramp 1 1-145,text,true,,3423,1669,161,161,http://localhost:3000/v1/issue/create-issue,62815,0,0
1715846526618,63464,Create Issue User 300 Ramp 1,201,Created,User 300 Ramp 1 1-131,text,true,,3423,1669,160,160,http://localhost:3000/v1/issue/create-issue,63464,0,1
1715846526874,64400,Create Issue User 300 Ramp 1,201,Created,User 300 Ramp 1 1-216,text,true,,3423,1669,159,159,http://localhost:3000/v1/issue/create-issue,64399,0,0
1715846526841,64508,Create Issue User 300 Ramp 1,201,Created,User 300 Ramp 1 1-205,text,true,,3423,1669,158,158,http://localhost:3000/v1/issue/create-issue,64507,0,1
1715846526853,64561,Create Issue User 300 Ramp 1,201,Created,User 300 Ramp 1 1-209,text,true,,3423,1669,157,157,http://localhost:3000/v1/issue/create-issue,64561,0,0
1715846526746,64706,Create Issue User 300 Ramp 1,201,Created,User 300 Ramp 1 1-173,text,true,,3423,1669,156,156,http://localhost:3000/v1/issue/create-issue,64706,0,1
1715846526596,65111,Create Issue User 300 Ramp 1,201,Created,User 300 Ramp 1 1-123,text,true,,3423,1669,155,155,http://localhost:3000/v1/issue/create-issue,65111,0,1
1715846527000,65453,Create Issue User 300 Ramp 1,201,Created,User 300 Ramp 1 1-257,text,true,,3423,1669,154,154,http://localhost:3000/v1/issue/create-issue,65452,0,1
1715846526609,66065,Create Issue User 300 Ramp 1,201,Created,User 300 Ramp 1 1-128,text,true,,3423,1669,153,153,http://localhost:3000/v1/issue/create-issue,66065,0,1
1715846526806,66094,Create Issue User 300 Ramp 1,201,Created,User 300 Ramp 1 1-193,text,true,,3423,1669,152,152,http://localhost:3000/v1/issue/create-issue,66093,0,0
1715846526800,66175,Create Issue User 300 Ramp 1,201,Created,User 300 Ramp 1 1-191,text,true,,3423,1669,151,151,http://localhost:3000/v1/issue/create-issue,66174,0,0
1715846526724,66750,Create Issue User 300 Ramp 1,201,Created,User 300 Ramp 1 1-166,text,true,,3423,1669,150,150,http://localhost:3000/v1/issue/create-issue,66750,0,1
1715846526696,67201,Create Issue User 300 Ramp 1,201,Created,User 300 Ramp 1 1-156,text,true,,3423,1669,149,149,http://localhost:3000/v1/issue/create-issue,67201,0,1
1715846527047,66859,Create Issue User 300 Ramp 1,201,Created,User 300 Ramp 1 1-273,text,true,,3423,1669,148,148,http://localhost:3000/v1/issue/create-issue,66859,0,1
1715846526488,67419,Create Issue User 300 Ramp 1,201,Created,User 300 Ramp 1 1-87,text,true,,3423,1669,147,147,http://localhost:3000/v1/issue/create-issue,67419,0,1
1715846527060,66929,Create Issue User 300 Ramp 1,201,Created,User 300 Ramp 1 1-277,text,true,,3423,1669,146,146,http://localhost:3000/v1/issue/create-issue,66929,0,0
1715846526637,67354,Create Issue User 300 Ramp 1,201,Created,User 300 Ramp 1 1-137,text,true,,3423,1669,145,145,http://localhost:3000/v1/issue/create-issue,67354,0,1
1715846526658,67478,Create Issue User 300 Ramp 1,201,Created,User 300 Ramp 1 1-144,text,true,,3423,1669,144,144,http://localhost:3000/v1/issue/create-issue,67477,0,0
1715846526790,67347,Create Issue User 300 Ramp 1,201,Created,User 300 Ramp 1 1-186,text,true,,3423,1669,143,143,http://localhost:3000/v1/issue/create-issue,67347,0,0
1715846526895,67304,Create Issue User 300 Ramp 1,201,Created,User 300 Ramp 1 1-223,text,true,,3423,1669,142,142,http://localhost:3000/v1/issue/create-issue,67303,0,1
1715846526578,67627,Create Issue User 300 Ramp 1,201,Created,User 300 Ramp 1 1-117,text,true,,3423,1669,141,141,http://localhost:3000/v1/issue/create-issue,67626,0,2
1715846526544,67749,Create Issue User 300 Ramp 1,201,Created,User 300 Ramp 1 1-106,text,true,,3423,1669,140,140,http://localhost:3000/v1/issue/create-issue,67748,0,1
1715846526605,67738,Create Issue User 300 Ramp 1,201,Created,User 300 Ramp 1 1-126,text,true,,3423,1669,139,139,http://localhost:3000/v1/issue/create-issue,67738,0,1
1715846526770,67573,Create Issue User 300 Ramp 1,201,Created,User 300 Ramp 1 1-181,text,true,,3423,1669,139,139,http://localhost:3000/v1/issue/create-issue,67573,0,1
1715846526692,67705,Create Issue User 300 Ramp 1,201,Created,User 300 Ramp 1 1-155,text,true,,3423,1669,137,137,http://localhost:3000/v1/issue/create-issue,67704,0,0
1715846526884,67586,Create Issue User 300 Ramp 1,201,Created,User 300 Ramp 1 1-219,text,true,,3423,1669,136,136,http://localhost:3000/v1/issue/create-issue,67585,0,1
1715846526652,67863,Create Issue User 300 Ramp 1,201,Created,User 300 Ramp 1 1-142,text,true,,3423,1669,135,135,http://localhost:3000/v1/issue/create-issue,67863,0,1
1715846526797,67757,Create Issue User 300 Ramp 1,201,Created,User 300 Ramp 1 1-190,text,true,,3423,1669,134,134,http://localhost:3000/v1/issue/create-issue,67757,0,0
1715846526449,68109,Create Issue User 300 Ramp 1,201,Created,User 300 Ramp 1 1-73,text,true,,3423,1669,133,133,http://localhost:3000/v1/issue/create-issue,68108,0,0
1715846527017,68180,Create Issue User 300 Ramp 1,201,Created,User 300 Ramp 1 1-263,text,true,,3423,1669,132,132,http://localhost:3000/v1/issue/create-issue,68179,0,1
1715846526900,68664,Create Issue User 300 Ramp 1,201,Created,User 300 Ramp 1 1-224,text,true,,3423,1669,131,131,http://localhost:3000/v1/issue/create-issue,68663,0,0
1715846526701,68916,Create Issue User 300 Ramp 1,201,Created,User 300 Ramp 1 1-158,text,true,,3423,1669,130,130,http://localhost:3000/v1/issue/create-issue,68915,0,1
1715846526939,68679,Create Issue User 300 Ramp 1,201,Created,User 300 Ramp 1 1-237,text,true,,3423,1669,129,129,http://localhost:3000/v1/issue/create-issue,68679,0,0
1715846526877,68821,Create Issue User 300 Ramp 1,201,Created,User 300 Ramp 1 1-217,text,true,,3423,1669,128,128,http://localhost:3000/v1/issue/create-issue,68821,0,0
1715846526835,68884,Create Issue User 300 Ramp 1,201,Created,User 300 Ramp 1 1-203,text,true,,3423,1669,127,127,http://localhost:3000/v1/issue/create-issue,68884,0,1
1715846526859,68875,Create Issue User 300 Ramp 1,201,Created,User 300 Ramp 1 1-211,text,true,,3423,1669,126,126,http://localhost:3000/v1/issue/create-issue,68874,0,0
1715846526673,69221,Create Issue User 300 Ramp 1,201,Created,User 300 Ramp 1 1-149,text,true,,3423,1669,125,125,http://localhost:3000/v1/issue/create-issue,69220,0,0
1715846527084,68868,Create Issue User 300 Ramp 1,201,Created,User 300 Ramp 1 1-285,text,true,,3423,1669,124,124,http://localhost:3000/v1/issue/create-issue,68868,0,0
1715846527117,68873,Create Issue User 300 Ramp 1,201,Created,User 300 Ramp 1 1-297,text,true,,3423,1669,123,123,http://localhost:3000/v1/issue/create-issue,68873,0,2
1715846526869,69123,Create Issue User 300 Ramp 1,201,Created,User 300 Ramp 1 1-214,text,true,,3423,1669,122,122,http://localhost:3000/v1/issue/create-issue,69123,0,1
1715846526713,69293,Create Issue User 300 Ramp 1,201,Created,User 300 Ramp 1 1-162,text,true,,3423,1669,121,121,http://localhost:3000/v1/issue/create-issue,69293,0,1
1715846526857,69151,Create Issue User 300 Ramp 1,201,Created,User 300 Ramp 1 1-210,text,true,,3423,1669,120,120,http://localhost:3000/v1/issue/create-issue,69150,0,1
1715846526722,69321,Create Issue User 300 Ramp 1,201,Created,User 300 Ramp 1 1-165,text,true,,3423,1669,119,119,http://localhost:3000/v1/issue/create-issue,69321,0,1
1715846526677,69366,Create Issue User 300 Ramp 1,201,Created,User 300 Ramp 1 1-150,text,true,,3423,1669,119,119,http://localhost:3000/v1/issue/create-issue,69366,0,1
1715846527067,69002,Create Issue User 300 Ramp 1,201,Created,User 300 Ramp 1 1-280,text,true,,3423,1669,117,117,http://localhost:3000/v1/issue/create-issue,69002,0,0
1715846526959,69148,Create Issue User 300 Ramp 1,201,Created,User 300 Ramp 1 1-244,text,true,,3423,1669,116,116,http://localhost:3000/v1/issue/create-issue,69147,0,1
1715846526786,69357,Create Issue User 300 Ramp 1,201,Created,User 300 Ramp 1 1-185,text,true,,3423,1669,115,115,http://localhost:3000/v1/issue/create-issue,69357,0,0
1715846526824,69323,Create Issue User 300 Ramp 1,201,Created,User 300 Ramp 1 1-199,text,true,,3423,1669,114,114,http://localhost:3000/v1/issue/create-issue,69322,0,1
1715846526549,69636,Create Issue User 300 Ramp 1,201,Created,User 300 Ramp 1 1-107,text,true,,3423,1669,113,113,http://localhost:3000/v1/issue/create-issue,69636,0,1
1715846526740,69481,Create Issue User 300 Ramp 1,201,Created,User 300 Ramp 1 1-171,text,true,,3423,1669,112,112,http://localhost:3000/v1/issue/create-issue,69481,0,1
1715846526812,69410,Create Issue User 300 Ramp 1,201,Created,User 300 Ramp 1 1-195,text,true,,3423,1669,112,112,http://localhost:3000/v1/issue/create-issue,69409,0,0
1715846526865,69358,Create Issue User 300 Ramp 1,201,Created,User 300 Ramp 1 1-213,text,true,,3423,1669,110,110,http://localhost:3000/v1/issue/create-issue,69357,0,1
1715846526506,69720,Create Issue User 300 Ramp 1,201,Created,User 300 Ramp 1 1-93,text,true,,3423,1669,109,109,http://localhost:3000/v1/issue/create-issue,69719,0,0
1715846526777,69481,Create Issue User 300 Ramp 1,201,Created,User 300 Ramp 1 1-183,text,true,,3423,1669,108,108,http://localhost:3000/v1/issue/create-issue,69481,0,1
1715846526815,69447,Create Issue User 300 Ramp 1,201,Created,User 300 Ramp 1 1-196,text,true,,3423,1669,107,107,http://localhost:3000/v1/issue/create-issue,69447,0,0
1715846526434,69830,Create Issue User 300 Ramp 1,201,Created,User 300 Ramp 1 1-69,text,true,,3423,1669,106,106,http://localhost:3000/v1/issue/create-issue,69829,0,0
1715846526628,69670,Create Issue User 300 Ramp 1,201,Created,User 300 Ramp 1 1-134,text,true,,3423,1669,105,105,http://localhost:3000/v1/issue/create-issue,69670,0,1
1715846526965,69338,Create Issue User 300 Ramp 1,201,Created,User 300 Ramp 1 1-246,text,true,,3423,1669,104,104,http://localhost:3000/v1/issue/create-issue,69338,0,1
1715846526893,69481,Create Issue User 300 Ramp 1,201,Created,User 300 Ramp 1 1-222,text,true,,3423,1669,103,103,http://localhost:3000/v1/issue/create-issue,69481,0,1
1715846526707,69698,Create Issue User 300 Ramp 1,201,Created,User 300 Ramp 1 1-160,text,true,,3423,1669,102,102,http://localhost:3000/v1/issue/create-issue,69698,0,1
1715846527008,69398,Create Issue User 300 Ramp 1,201,Created,User 300 Ramp 1 1-260,text,true,,3423,1669,101,101,http://localhost:3000/v1/issue/create-issue,69398,0,1
1715846526753,69665,Create Issue User 300 Ramp 1,201,Created,User 300 Ramp 1 1-175,text,true,,3423,1669,100,100,http://localhost:3000/v1/issue/create-issue,69665,0,1
1715846526885,69570,Create Issue User 300 Ramp 1,201,Created,User 300 Ramp 1 1-220,text,true,,3423,1669,99,99,http://localhost:3000/v1/issue/create-issue,69570,0,1
1715846526699,69779,Create Issue User 300 Ramp 1,201,Created,User 300 Ramp 1 1-157,text,true,,3423,1669,98,98,http://localhost:3000/v1/issue/create-issue,69779,0,0
1715846526817,69676,Create Issue User 300 Ramp 1,201,Created,User 300 Ramp 1 1-197,text,true,,3423,1669,97,97,http://localhost:3000/v1/issue/create-issue,69676,0,1
1715846526650,69880,Create Issue User 300 Ramp 1,201,Created,User 300 Ramp 1 1-141,text,true,,3423,1669,96,96,http://localhost:3000/v1/issue/create-issue,69880,0,0
1715846526710,69820,Create Issue User 300 Ramp 1,201,Created,User 300 Ramp 1 1-161,text,true,,3423,1669,95,95,http://localhost:3000/v1/issue/create-issue,69820,0,1
1715846526802,69729,Create Issue User 300 Ramp 1,201,Created,User 300 Ramp 1 1-192,text,true,,3423,1669,94,94,http://localhost:3000/v1/issue/create-issue,69729,0,0
1715846526782,69918,Create Issue User 300 Ramp 1,201,Created,User 300 Ramp 1 1-184,text,true,,3423,1669,93,93,http://localhost:3000/v1/issue/create-issue,69918,0,0
1715846526589,70151,Create Issue User 300 Ramp 1,201,Created,User 300 Ramp 1 1-120,text,true,,3423,1669,92,92,http://localhost:3000/v1/issue/create-issue,70151,0,2
1715846526742,70037,Create Issue User 300 Ramp 1,201,Created,User 300 Ramp 1 1-172,text,true,,3423,1669,91,91,http://localhost:3000/v1/issue/create-issue,70037,0,1
1715846526730,70082,Create Issue User 300 Ramp 1,201,Created,User 300 Ramp 1 1-168,text,true,,3423,1669,90,90,http://localhost:3000/v1/issue/create-issue,70082,0,1
1715846526539,70274,Create Issue User 300 Ramp 1,201,Created,User 300 Ramp 1 1-104,text,true,,3423,1669,89,89,http://localhost:3000/v1/issue/create-issue,70273,0,1
1715846526833,70024,Create Issue User 300 Ramp 1,201,Created,User 300 Ramp 1 1-202,text,true,,3423,1669,88,88,http://localhost:3000/v1/issue/create-issue,70024,0,1
1715846526461,70435,Create Issue User 300 Ramp 1,201,Created,User 300 Ramp 1 1-78,text,true,,3423,1669,87,87,http://localhost:3000/v1/issue/create-issue,70435,0,1
1715846527031,69906,Create Issue User 300 Ramp 1,201,Created,User 300 Ramp 1 1-268,text,true,,3423,1669,86,86,http://localhost:3000/v1/issue/create-issue,69906,0,1
1715846527013,69925,Create Issue User 300 Ramp 1,201,Created,User 300 Ramp 1 1-262,text,true,,3423,1669,85,85,http://localhost:3000/v1/issue/create-issue,69925,0,0
1715846526923,70033,Create Issue User 300 Ramp 1,201,Created,User 300 Ramp 1 1-232,text,true,,3423,1669,84,84,http://localhost:3000/v1/issue/create-issue,70032,0,1
1715846526559,70399,Create Issue User 300 Ramp 1,201,Created,User 300 Ramp 1 1-111,text,true,,3423,1669,83,83,http://localhost:3000/v1/issue/create-issue,70399,0,1
1715846526903,70092,Create Issue User 300 Ramp 1,201,Created,User 300 Ramp 1 1-225,text,true,,3423,1669,82,82,http://localhost:3000/v1/issue/create-issue,70092,0,1
1715846526719,70277,Create Issue User 300 Ramp 1,201,Created,User 300 Ramp 1 1-164,text,true,,3423,1669,81,81,http://localhost:3000/v1/issue/create-issue,70277,0,1
1715846526908,70089,Create Issue User 300 Ramp 1,201,Created,User 300 Ramp 1 1-227,text,true,,3423,1669,80,80,http://localhost:3000/v1/issue/create-issue,70089,0,1
1715846526862,70169,Create Issue User 300 Ramp 1,201,Created,User 300 Ramp 1 1-212,text,true,,3423,1669,79,79,http://localhost:3000/v1/issue/create-issue,70168,0,0
1715846526871,70161,Create Issue User 300 Ramp 1,201,Created,User 300 Ramp 1 1-215,text,true,,3423,1669,78,78,http://localhost:3000/v1/issue/create-issue,70161,0,1
1715846526811,70258,Create Issue User 300 Ramp 1,201,Created,User 300 Ramp 1 1-194,text,true,,3423,1669,77,77,http://localhost:3000/v1/issue/create-issue,70258,0,0
1715846526951,70161,Create Issue User 300 Ramp 1,201,Created,User 300 Ramp 1 1-241,text,true,,3423,1669,76,76,http://localhost:3000/v1/issue/create-issue,70160,0,0
1715846526821,70322,Create Issue User 300 Ramp 1,201,Created,User 300 Ramp 1 1-198,text,true,,3423,1669,75,75,http://localhost:3000/v1/issue/create-issue,70322,0,1
1715846526569,70579,Create Issue User 300 Ramp 1,201,Created,User 300 Ramp 1 1-114,text,true,,3423,1669,74,74,http://localhost:3000/v1/issue/create-issue,70578,0,2
1715846527010,70139,Create Issue User 300 Ramp 1,201,Created,User 300 Ramp 1 1-261,text,true,,3423,1669,73,73,http://localhost:3000/v1/issue/create-issue,70139,0,0
1715846526632,70552,Create Issue User 300 Ramp 1,201,Created,User 300 Ramp 1 1-135,text,true,,3423,1669,72,72,http://localhost:3000/v1/issue/create-issue,70552,0,0
1715846526925,70260,Create Issue User 300 Ramp 1,201,Created,User 300 Ramp 1 1-233,text,true,,3423,1669,71,71,http://localhost:3000/v1/issue/create-issue,70260,0,1
1715846527073,70148,Create Issue User 300 Ramp 1,201,Created,User 300 Ramp 1 1-282,text,true,,3423,1669,70,70,http://localhost:3000/v1/issue/create-issue,70147,0,1
1715846526952,70270,Create Issue User 300 Ramp 1,201,Created,User 300 Ramp 1 1-242,text,true,,3423,1669,69,69,http://localhost:3000/v1/issue/create-issue,70269,0,1
1715846526472,70750,Create Issue User 300 Ramp 1,201,Created,User 300 Ramp 1 1-82,text,true,,3423,1669,68,68,http://localhost:3000/v1/issue/create-issue,70750,0,0
1715846526905,70354,Create Issue User 300 Ramp 1,201,Created,User 300 Ramp 1 1-226,text,true,,3423,1669,67,67,http://localhost:3000/v1/issue/create-issue,70354,0,1
1715846526916,70383,Create Issue User 300 Ramp 1,201,Created,User 300 Ramp 1 1-230,text,true,,3423,1669,66,66,http://localhost:3000/v1/issue/create-issue,70382,0,1
1715846527002,70331,Create Issue User 300 Ramp 1,201,Created,User 300 Ramp 1 1-258,text,true,,3423,1669,65,65,http://localhost:3000/v1/issue/create-issue,70331,0,1
1715846527056,70277,Create Issue User 300 Ramp 1,201,Created,User 300 Ramp 1 1-276,text,true,,3423,1669,65,65,http://localhost:3000/v1/issue/create-issue,70277,0,0
1715846527037,70332,Create Issue User 300 Ramp 1,201,Created,User 300 Ramp 1 1-270,text,true,,3423,1669,63,63,http://localhost:3000/v1/issue/create-issue,70332,0,0
1715846526971,70398,Create Issue User 300 Ramp 1,201,Created,User 300 Ramp 1 1-248,text,true,,3423,1669,62,62,http://localhost:3000/v1/issue/create-issue,70398,0,0
1715846526755,70614,Create Issue User 300 Ramp 1,201,Created,User 300 Ramp 1 1-176,text,true,,3423,1669,62,62,http://localhost:3000/v1/issue/create-issue,70614,0,1
1715846527125,70281,Create Issue User 300 Ramp 1,201,Created,User 300 Ramp 1 1-299,text,true,,3423,1669,60,60,http://localhost:3000/v1/issue/create-issue,70281,0,1
1715846526931,70475,Create Issue User 300 Ramp 1,201,Created,User 300 Ramp 1 1-235,text,true,,3423,1669,59,59,http://localhost:3000/v1/issue/create-issue,70475,0,0
1715846526846,70561,Create Issue User 300 Ramp 1,201,Created,User 300 Ramp 1 1-206,text,true,,3423,1669,58,58,http://localhost:3000/v1/issue/create-issue,70560,0,1
1715846526914,70527,Create Issue User 300 Ramp 1,201,Created,User 300 Ramp 1 1-229,text,true,,3423,1669,57,57,http://localhost:3000/v1/issue/create-issue,70527,0,0
1715846526921,70559,Create Issue User 300 Ramp 1,201,Created,User 300 Ramp 1 1-231,text,true,,3423,1669,56,56,http://localhost:3000/v1/issue/create-issue,70559,0,0
1715846527088,70428,Create Issue User 300 Ramp 1,201,Created,User 300 Ramp 1 1-287,text,true,,3423,1669,55,55,http://localhost:3000/v1/issue/create-issue,70428,0,0
1715846526792,70725,Create Issue User 300 Ramp 1,201,Created,User 300 Ramp 1 1-188,text,true,,3423,1669,54,54,http://localhost:3000/v1/issue/create-issue,70725,0,0
1715846526851,70700,Create Issue User 300 Ramp 1,201,Created,User 300 Ramp 1 1-208,text,true,,3423,1669,53,53,http://localhost:3000/v1/issue/create-issue,70700,0,1
1715846526996,70556,Create Issue User 300 Ramp 1,201,Created,User 300 Ramp 1 1-256,text,true,,3423,1669,53,53,http://localhost:3000/v1/issue/create-issue,70556,0,0
1715846527104,70521,Create Issue User 300 Ramp 1,201,Created,User 300 Ramp 1 1-292,text,true,,3423,1669,51,51,http://localhost:3000/v1/issue/create-issue,70521,0,1
1715846527113,70513,Create Issue User 300 Ramp 1,201,Created,User 300 Ramp 1 1-295,text,true,,3423,1669,50,50,http://localhost:3000/v1/issue/create-issue,70513,0,1
1715846526974,70652,Create Issue User 300 Ramp 1,201,Created,User 300 Ramp 1 1-249,text,true,,3423,1669,49,49,http://localhost:3000/v1/issue/create-issue,70652,0,0
1715846526669,70958,Create Issue User 300 Ramp 1,201,Created,User 300 Ramp 1 1-147,text,true,,3423,1669,48,48,http://localhost:3000/v1/issue/create-issue,70958,0,1
1715846527076,70551,Create Issue User 300 Ramp 1,201,Created,User 300 Ramp 1 1-283,text,true,,3423,1669,48,48,http://localhost:3000/v1/issue/create-issue,70551,0,1
1715846527042,70658,Create Issue User 300 Ramp 1,201,Created,User 300 Ramp 1 1-271,text,true,,3423,1669,46,46,http://localhost:3000/v1/issue/create-issue,70658,0,0
1715846526756,70981,Create Issue User 300 Ramp 1,201,Created,User 300 Ramp 1 1-177,text,true,,3423,1669,45,45,http://localhost:3000/v1/issue/create-issue,70980,0,1
1715846527093,70645,Create Issue User 300 Ramp 1,201,Created,User 300 Ramp 1 1-288,text,true,,3423,1669,45,45,http://localhost:3000/v1/issue/create-issue,70644,0,0
1715846527064,70678,Create Issue User 300 Ramp 1,201,Created,User 300 Ramp 1 1-279,text,true,,3423,1669,43,43,http://localhost:3000/v1/issue/create-issue,70678,0,0
1715846526827,70950,Create Issue User 300 Ramp 1,201,Created,User 300 Ramp 1 1-200,text,true,,3423,1669,42,42,http://localhost:3000/v1/issue/create-issue,70949,0,0
1715846527028,70787,Create Issue User 300 Ramp 1,201,Created,User 300 Ramp 1 1-267,text,true,,3423,1669,41,41,http://localhost:3000/v1/issue/create-issue,70786,0,1
1715846526795,71027,Create Issue User 300 Ramp 1,201,Created,User 300 Ramp 1 1-189,text,true,,3423,1669,40,40,http://localhost:3000/v1/issue/create-issue,71026,0,0
1715846527097,70751,Create Issue User 300 Ramp 1,201,Created,User 300 Ramp 1 1-290,text,true,,3423,1669,39,39,http://localhost:3000/v1/issue/create-issue,70751,0,0
1715846526978,70870,Create Issue User 300 Ramp 1,201,Created,User 300 Ramp 1 1-250,text,true,,3423,1669,39,39,http://localhost:3000/v1/issue/create-issue,70870,0,1
1715846526984,70865,Create Issue User 300 Ramp 1,201,Created,User 300 Ramp 1 1-252,text,true,,3423,1669,37,37,http://localhost:3000/v1/issue/create-issue,70865,0,0
1715846527052,70805,Create Issue User 300 Ramp 1,201,Created,User 300 Ramp 1 1-275,text,true,,3423,1669,36,36,http://localhost:3000/v1/issue/create-issue,70804,0,0
1715846526963,70965,Create Issue User 300 Ramp 1,201,Created,User 300 Ramp 1 1-245,text,true,,3423,1669,35,35,http://localhost:3000/v1/issue/create-issue,70965,0,1
1715846527045,70884,Create Issue User 300 Ramp 1,201,Created,User 300 Ramp 1 1-272,text,true,,3423,1669,35,35,http://localhost:3000/v1/issue/create-issue,70884,0,0
1715846527101,70861,Create Issue User 300 Ramp 1,201,Created,User 300 Ramp 1 1-291,text,true,,3423,1669,33,33,http://localhost:3000/v1/issue/create-issue,70861,0,0
1715846526767,71200,Create Issue User 300 Ramp 1,201,Created,User 300 Ramp 1 1-180,text,true,,3423,1669,32,32,http://localhost:3000/v1/issue/create-issue,71199,0,1
1715846527006,70961,Create Issue User 300 Ramp 1,201,Created,User 300 Ramp 1 1-259,text,true,,3423,1669,31,31,http://localhost:3000/v1/issue/create-issue,70961,0,0
1715846527071,70968,Create Issue User 300 Ramp 1,201,Created,User 300 Ramp 1 1-281,text,true,,3423,1669,30,30,http://localhost:3000/v1/issue/create-issue,70968,0,1
1715846526943,71099,Create Issue User 300 Ramp 1,201,Created,User 300 Ramp 1 1-239,text,true,,3423,1669,29,29,http://localhost:3000/v1/issue/create-issue,71099,0,1
1715846526969,71074,Create Issue User 300 Ramp 1,201,Created,User 300 Ramp 1 1-247,text,true,,3423,1669,28,28,http://localhost:3000/v1/issue/create-issue,71074,0,1
1715846526688,71386,Create Issue User 300 Ramp 1,201,Created,User 300 Ramp 1 1-154,text,true,,3423,1669,27,27,http://localhost:3000/v1/issue/create-issue,71385,0,0
1715846526936,71139,Create Issue User 300 Ramp 1,201,Created,User 300 Ramp 1 1-236,text,true,,3423,1669,26,26,http://localhost:3000/v1/issue/create-issue,71138,0,1
1715846527079,71034,Create Issue User 300 Ramp 1,201,Created,User 300 Ramp 1 1-284,text,true,,3423,1669,25,25,http://localhost:3000/v1/issue/create-issue,71033,0,1
1715846526956,71158,Create Issue User 300 Ramp 1,201,Created,User 300 Ramp 1 1-243,text,true,,3423,1669,24,24,http://localhost:3000/v1/issue/create-issue,71158,0,1
1715846527061,71089,Create Issue User 300 Ramp 1,201,Created,User 300 Ramp 1 1-278,text,true,,3423,1669,23,23,http://localhost:3000/v1/issue/create-issue,71089,0,0
1715846526788,71365,Create Issue User 300 Ramp 1,201,Created,User 300 Ramp 1 1-187,text,true,,3423,1669,22,22,http://localhost:3000/v1/issue/create-issue,71365,0,0
1715846527109,71079,Create Issue User 300 Ramp 1,201,Created,User 300 Ramp 1 1-294,text,true,,3423,1669,21,21,http://localhost:3000/v1/issue/create-issue,71079,0,1
1715846527106,71118,Create Issue User 300 Ramp 1,201,Created,User 300 Ramp 1 1-293,text,true,,3423,1669,20,20,http://localhost:3000/v1/issue/create-issue,71117,0,1
1715846527026,71236,Create Issue User 300 Ramp 1,201,Created,User 300 Ramp 1 1-266,text,true,,3423,1669,19,19,http://localhost:3000/v1/issue/create-issue,71236,0,1
1715846526940,71322,Create Issue User 300 Ramp 1,201,Created,User 300 Ramp 1 1-238,text,true,,3423,1669,19,19,http://localhost:3000/v1/issue/create-issue,71322,0,1
1715846527132,71166,Create Issue User 300 Ramp 1,201,Created,User 300 Ramp 1 1-300,text,true,,3423,1669,17,17,http://localhost:3000/v1/issue/create-issue,71165,0,0
1715846527034,71264,Create Issue User 300 Ramp 1,201,Created,User 300 Ramp 1 1-269,text,true,,3423,1669,17,17,http://localhost:3000/v1/issue/create-issue,71264,0,1
1715846527117,71216,Create Issue User 300 Ramp 1,201,Created,User 300 Ramp 1 1-296,text,true,,3423,1669,15,15,http://localhost:3000/v1/issue/create-issue,71215,0,1
1715846526993,71340,Create Issue User 300 Ramp 1,201,Created,User 300 Ramp 1 1-255,text,true,,3423,1669,15,15,http://localhost:3000/v1/issue/create-issue,71340,0,0
1715846526890,71478,Create Issue User 300 Ramp 1,201,Created,User 300 Ramp 1 1-221,text,true,,3423,1669,13,13,http://localhost:3000/v1/issue/create-issue,71478,0,0
1715846526981,71388,Create Issue User 300 Ramp 1,201,Created,User 300 Ramp 1 1-251,text,true,,3423,1669,12,12,http://localhost:3000/v1/issue/create-issue,71388,0,1
1715846527122,71282,Create Issue User 300 Ramp 1,201,Created,User 300 Ramp 1 1-298,text,true,,3423,1669,11,11,http://localhost:3000/v1/issue/create-issue,71282,0,1
1715846527019,71421,Create Issue User 300 Ramp 1,201,Created,User 300 Ramp 1 1-264,text,true,,3423,1669,10,10,http://localhost:3000/v1/issue/create-issue,71420,0,1
1715846526828,71651,Create Issue User 300 Ramp 1,201,Created,User 300 Ramp 1 1-201,text,true,,3423,1669,9,9,http://localhost:3000/v1/issue/create-issue,71651,0,1
1715846527094,71385,Create Issue User 300 Ramp 1,201,Created,User 300 Ramp 1 1-289,text,true,,3423,1669,8,8,http://localhost:3000/v1/issue/create-issue,71385,0,0
1715846526774,71741,Create Issue User 300 Ramp 1,201,Created,User 300 Ramp 1 1-182,text,true,,3423,1669,7,7,http://localhost:3000/v1/issue/create-issue,71741,0,1
1715846527086,71429,Create Issue User 300 Ramp 1,201,Created,User 300 Ramp 1 1-286,text,true,,3423,1669,7,7,http://localhost:3000/v1/issue/create-issue,71429,0,0
1715846527023,71527,Create Issue User 300 Ramp 1,201,Created,User 300 Ramp 1 1-265,text,true,,3423,1669,5,5,http://localhost:3000/v1/issue/create-issue,71527,0,0
1715846526928,71623,Create Issue User 300 Ramp 1,201,Created,User 300 Ramp 1 1-234,text,true,,3423,1669,5,5,http://localhost:3000/v1/issue/create-issue,71623,0,2
1715846526947,71639,Create Issue User 300 Ramp 1,201,Created,User 300 Ramp 1 1-240,text,true,,3423,1669,3,3,http://localhost:3000/v1/issue/create-issue,71638,0,1
1715846527050,71536,Create Issue User 300 Ramp 1,201,Created,User 300 Ramp 1 1-274,text,true,,3423,1669,3,3,http://localhost:3000/v1/issue/create-issue,71536,0,0
1715846526850,71820,Create Issue User 300 Ramp 1,201,Created,User 300 Ramp 1 1-207,text,true,,3423,1669,1,1,http://localhost:3000/v1/issue/create-issue,71820,0,1
